UNIQUE CODE,STATE,PARLIAMENTARY CODE,PARLIAMENTARY NAME,TOTAL ELECTORS,MALAY (%),CHINESE (%),INDIANS (%),ORANG ASLI (%),BUMIPUTERA SABAH (%),BUMIPUTERA SARAWAK (%),OTHERS (%),ELECTORS - NORMAL VOTERS (%),ELECTORS - ABSENT VOTERS (%),ELECTORS - POLICE (%),ELECTORS - MILITARY (%),18-20 (%),21-29 (%),30-39 (%),40-49 (%),50-59 (%),60-69 (%),70-79 (%),80-89 (%),ABOVE 90 (%),MALE ELECTORS (%),WOMEN ELECTORS (%),URBAN-RURAL CLASSIFICATION (2022)
P.001,PERLIS,P.001,PADANG BESAR,60192,86.01,8.14,0.88,0.01,0.33,0.57,4.06,96.35,0.01,0.76,2.88,5.92,21.35,24.86,16.09,12.74,10.78,6.04,1.87,0.35,50.18,49.82,SEMI URBAN
P.002,PERLIS,P.002,KANGAR,74859,81.58,14.73,1.57,0.00,0.13,0.08,1.90,98.63,0.01,1.36,0.00,6.25,21.51,23.09,15.83,13.45,11.60,6.04,1.88,0.35,49.54,50.46,SEMI URBAN
P.003,PERLIS,P.003,ARAU,60876,87.23,7.81,1.59,0.01,0.12,0.09,3.15,99.24,0.01,0.58,0.17,5.98,20.31,21.90,16.91,15.12,11.39,5.95,2.11,0.33,48.84,51.16,SEMI URBAN
P.004,KEDAH,P.004,LANGKAWI,66777,89.65,6.75,2.38,0.00,0.30,0.17,0.75,98.31,0.01,1.00,0.69,8.00,25.93,22.76,17.59,13.22,8.04,3.28,1.00,0.18,50.84,49.16,SEMI URBAN
P.005,KEDAH,P.005,JERLUN,67601,90.75,6.78,0.11,0.00,0.05,0.04,2.27,99.95,0.00,0.05,0.00,5.66,19.39,21.58,17.45,15.46,11.64,6.38,2.13,0.31,49.27,50.73,RURAL
P.006,KEDAH,P.006,KUBANG PASU,108217,85.99,8.72,3.38,0.01,0.18,0.17,1.54,97.61,0.02,0.58,1.79,7.42,24.46,23.05,15.79,12.68,10.05,4.87,1.47,0.21,49.72,50.28,SEMI URBAN
P.007,KEDAH,P.007,PADANG TERAP,59806,91.66,1.30,0.14,0.00,0.06,0.04,6.81,99.65,0.00,0.34,0.00,6.29,22.21,23.34,17.33,14.15,9.88,4.83,1.74,0.24,49,51,RURAL
P.008,KEDAH,P.008,POKOK SENA,114838,81.32,15.24,2.48,0.01,0.08,0.09,0.79,97.99,0.01,0.73,1.27,5.71,21.32,23.05,16.89,13.70,11.05,5.94,2.03,0.32,49.52,50.48,SEMI URBAN
P.009,KEDAH,P.009,ALOR SETAR,105994,63.18,31.76,4.26,0.01,0.08,0.06,0.65,99.32,0.02,0.66,0.00,5.12,19.28,21.83,16.63,14.08,13.06,7.19,2.23,0.57,48.97,51.03,URBAN
P.010,KEDAH,P.010,KUALA KEDAH,132500,75.96,22.25,1.18,0.00,0.04,0.05,0.52,99.93,0.01,0.06,0.00,6.06,21.47,22.39,17.45,13.77,11.37,5.45,1.77,0.27,49.1,50.9,SEMI URBAN
P.011,KEDAH,P.011,PENDANG,94547,88.47,4.75,0.50,0.00,0.04,0.03,6.21,99.81,0.00,0.18,0.00,6.11,20.81,21.93,17.70,14.84,10.69,5.55,2.07,0.30,48.59,51.41,RURAL
P.012,KEDAH,P.012,JERAI,105001,80.43,13.03,6.01,0.01,0.06,0.05,0.42,99.73,0.01,0.21,0.05,6.38,21.39,20.93,17.60,15.08,10.83,5.49,1.93,0.38,49.22,50.78,SEMI URBAN
P.013,KEDAH,P.013,SIK,63126,92.50,1.46,0.14,0.01,0.08,0.04,5.76,99.74,0.00,0.26,0.00,6.25,21.20,23.25,18.33,14.03,10.02,4.91,1.71,0.30,49.35,50.65,RURAL
P.014,KEDAH,P.014,MERBOK,132444,69.06,15.30,14.41,0.01,0.20,0.31,0.70,96.17,0.01,0.25,3.57,7.66,25.06,22.81,16.54,12.99,9.63,4.01,1.08,0.22,49.68,50.32,SEMI URBAN
P.015,KEDAH,P.015,SUNGAI PETANI,168847,60.99,25.75,12.45,0.01,0.09,0.07,0.66,99.9,0.01,0.08,0.00,7.43,24.36,20.75,16.02,14.41,10.54,4.72,1.45,0.32,48.96,51.04,URBAN
P.016,KEDAH,P.016,BALING,132099,89.24,4.27,4.63,0.14,0.08,0.05,1.58,99.77,0.01,0.22,0.00,6.27,22.07,22.59,17.44,14.55,10.15,4.81,1.77,0.35,49.04,50.96,RURAL
P.017,KEDAH,P.017,PADANG SERAI,133867,62.18,17.75,19.36,0.00,0.08,0.08,0.55,99.93,0.01,0.06,0.00,9.00,26.62,20.13,16.16,13.88,9.01,3.76,1.19,0.25,48.99,51.01,SEMI URBAN
P.018,KEDAH,P.018,KULIM-BANDAR BAHARU,90141,69.73,17.19,12.53,0.00,0.12,0.08,0.35,98.34,0.01,1.65,0.00,6.19,21.96,22.02,17.07,14.65,10.82,5.14,1.79,0.35,49.45,50.55,SEMI URBAN
P.019,KELANTAN,P.019,TUMPAT,149371,92.28,3.64,0.14,0.01,0.04,0.03,3.86,99.72,0.01,0.27,0.00,6.97,23.31,23.66,16.73,13.31,9.54,4.56,1.47,0.47,50.03,49.97,SEMI URBAN
P.020,KELANTAN,P.020,PENGKALAN CHEPA,106982,96.96,1.85,0.12,0.01,0.10,0.07,0.90,97.52,0.02,1.10,1.36,7.76,25.88,25.62,16.45,11.77,7.90,3.51,0.90,0.22,49.63,50.37,URBAN
P.021,KELANTAN,P.021,KOTA BHARU,115450,84.33,13.75,0.76,0.00,0.06,0.06,1.04,99.24,0.02,0.74,0.00,5.45,20.86,23.96,16.79,13.82,11.33,5.74,1.62,0.43,49.34,50.66,URBAN
P.022,KELANTAN,P.022,PASIR MAS,94544,97.29,1.96,0.06,0.00,0.05,0.02,0.62,99.87,0.00,0.13,0.00,6.53,22.73,23.45,16.89,13.37,9.75,5.04,1.71,0.53,49.45,50.55,SEMI URBAN
P.023,KELANTAN,P.023,RANTAU PANJANG,93248,96.65,1.95,0.07,0.00,0.06,0.05,1.22,99.56,0.02,0.38,0.04,7.04,23.44,22.95,16.32,13.55,9.81,4.75,1.60,0.54,50.33,49.67,SEMI URBAN
P.024,KELANTAN,P.024,KUBANG KERIAN,113640,97.34,2.00,0.16,0.00,0.04,0.04,0.41,99.9,0.01,0.09,0.00,7.54,25.42,24.78,15.75,12.22,8.67,4.23,1.11,0.27,49.14,50.86,SEMI URBAN
P.025,KELANTAN,P.025,BACHOK,123183,98.26,1.08,0.04,0.01,0.05,0.04,0.52,99.79,0.01,0.20,0.00,7.42,24.14,24.92,16.92,12.65,8.53,4.15,1.05,0.22,49.08,50.92,SEMI URBAN
P.026,KELANTAN,P.026,KETEREH,85281,96.60,1.91,0.08,0.01,0.25,0.51,0.65,96.41,0.01,0.06,3.53,6.95,23.98,24.99,16.96,12.93,8.84,4.06,1.08,0.21,50.07,49.93,SEMI URBAN
P.027,KELANTAN,P.027,TANAH MERAH,98782,94.32,4.11,0.49,0.00,0.06,0.05,0.97,99.71,0.01,0.28,0.00,6.85,23.47,24.66,17.41,12.86,9.57,3.97,1.03,0.19,49.33,50.67,SEMI URBAN
P.028,KELANTAN,P.028,PASIR PUTEH,113070,98.04,0.89,0.04,0.00,0.05,0.04,0.94,99.76,0.01,0.23,0.00,7.22,23.88,24.06,16.71,13.27,8.94,4.42,1.24,0.26,48.6,51.4,SEMI URBAN
P.029,KELANTAN,P.029,MACHANG,88825,96.34,3.09,0.16,0.00,0.05,0.06,0.29,99.69,0.01,0.29,0.01,6.57,23.05,24.21,16.85,13.64,9.68,4.44,1.29,0.27,49.3,50.7,SEMI URBAN
P.030,KELANTAN,P.030,JELI,59798,97.72,0.18,0.12,0.79,0.36,0.26,0.58,96.83,0.00,0.48,2.69,6.63,23.65,24.35,17.63,13.33,8.84,4.01,1.18,0.38,50.5,49.5,RURAL
P.031,KELANTAN,P.031,KUALA KRAI,92335,94.12,4.11,1.12,0.01,0.06,0.05,0.54,99.7,0.00,0.30,0.00,7.07,23.98,25.10,17.16,12.42,8.85,3.97,1.21,0.24,50.13,49.87,RURAL
P.032,KELANTAN,P.032,GUA MUSANG,70254,78.55,5.81,0.47,14.50,0.10,0.08,0.50,99.63,0.01,0.37,0.00,8.25,27.04,26.94,15.24,9.89,8.31,3.56,0.65,0.13,50.87,49.13,RURAL
P.033,TERENGGANU,P.033,BESUT,111650,97.97,1.30,0.09,0.02,0.09,0.07,0.45,98.42,0.01,0.34,1.23,7.44,25.10,25.70,16.90,12.15,8.01,3.61,0.92,0.17,49.85,50.15,SEMI URBAN
P.034,TERENGGANU,P.034,SETIU,107294,99.23,0.28,0.04,0.01,0.09,0.06,0.30,99.7,0.00,0.27,0.02,7.04,24.61,26.14,17.64,12.05,7.77,3.55,1.00,0.18,49.6,50.4,RURAL
P.035,TERENGGANU,P.035,KUALA NERUS,105952,98.38,1.05,0.09,0.00,0.10,0.06,0.32,98.48,0.01,0.72,0.79,7.33,25.17,26.44,16.74,11.96,7.98,3.32,0.93,0.12,50.03,49.97,URBAN
P.036,TERENGGANU,P.036,KUALA TERENGGANU,123305,90.23,8.65,0.55,0.00,0.08,0.07,0.42,98.84,0.02,1.11,0.03,5.56,20.57,25.10,17.69,13.85,10.65,4.86,1.46,0.26,49.72,50.28,URBAN
P.037,TERENGGANU,P.037,MARANG,131756,97.53,1.87,0.08,0.00,0.06,0.06,0.39,99.43,0.01,0.43,0.13,7.26,24.50,26.03,16.62,12.50,8.37,3.50,1.07,0.14,49.74,50.26,SEMI URBAN
P.038,TERENGGANU,P.038,HULU TERENGGANU,87917,98.82,0.43,0.04,0.31,0.06,0.05,0.29,99.73,0.00,0.26,0.00,6.22,22.45,27.05,17.57,12.10,8.96,4.11,1.31,0.24,49.59,50.41,RURAL
P.039,TERENGGANU,P.039,DUNGUN,115559,95.71,3.16,0.19,0.01,0.13,0.09,0.72,99.47,0.01,0.48,0.03,7.53,24.49,25.62,17.24,12.59,8.29,3.28,0.79,0.16,50.05,49.95,SEMI URBAN
P.040,TERENGGANU,P.040,KEMAMAN,139423,93.17,5.06,0.53,0.23,0.11,0.16,0.74,99.71,0.01,0.27,0.01,7.81,24.02,25.15,17.42,12.60,8.65,3.39,0.79,0.17,50.57,49.43,SEMI URBAN
P.041,PULAU PINANG,P.041,KEPALA BATAS,83081,79.90,15.50,4.17,0.00,0.09,0.07,0.26,99.17,0.00,0.83,0.00,7.50,23.32,20.50,17.43,14.92,9.63,5.00,1.49,0.20,49.38,50.62,SEMI URBAN
P.042,PULAU PINANG,P.042,TASEK GELUGOR,80868,77.93,15.08,6.35,0.00,0.16,0.15,0.31,96.77,0.01,0.15,3.07,6.54,22.31,22.60,17.64,14.27,9.90,5.07,1.48,0.21,49.41,50.59,SEMI URBAN
P.043,PULAU PINANG,P.043,BAGAN,89447,14.51,69.32,15.63,0.00,0.13,0.05,0.36,99.8,0.00,0.20,0.00,4.81,16.31,18.30,18.22,17.48,14.43,7.70,2.24,0.51,49.32,50.68,URBAN
P.044,PULAU PINANG,P.044,PERMATANG PAUH,107186,73.12,19.46,6.60,0.01,0.17,0.09,0.55,99.28,0.01,0.71,0.00,6.29,20.86,21.19,17.59,15.74,11.57,5.23,1.32,0.21,49.16,50.84,URBAN
P.045,PULAU PINANG,P.045,BUKIT MERTAJAM,120819,21.16,67.38,10.87,0.00,0.12,0.05,0.41,99.96,0.01,0.03,0.00,5.93,20.07,19.99,17.61,15.32,12.28,6.52,1.96,0.31,48.93,51.07,URBAN
P.046,PULAU PINANG,P.046,BATU KAWAN,88812,22.82,54.05,22.27,0.00,0.20,0.07,0.58,99.78,0.00,0.22,0.00,6.37,20.33,20.02,17.89,16.00,11.56,5.76,1.72,0.34,49.03,50.97,URBAN
P.047,PULAU PINANG,P.047,NIBONG TEBAL,100062,46.75,34.72,17.86,0.01,0.13,0.07,0.47,99.45,0.01,0.54,0.00,6.98,22.65,20.89,17.92,15.14,9.84,4.96,1.38,0.24,48.66,51.34,SEMI URBAN
P.048,PULAU PINANG,P.048,BUKIT BENDERA,92521,15.07,71.12,12.04,0.01,0.22,0.15,1.39,98.84,0.02,0.60,0.54,3.60,13.55,16.00,16.53,17.94,16.10,10.78,4.50,1.01,47.25,52.75,URBAN
P.049,PULAU PINANG,P.049,TANJONG,52803,6.28,81.75,11.24,0.00,0.12,0.09,0.51,98.29,0.00,1.62,0.09,1.94,8.53,12.45,14.66,19.43,22.25,13.27,4.78,2.69,50.56,49.44,URBAN
P.050,PULAU PINANG,P.050,JELUTONG,93989,21.02,63.20,14.88,0.00,0.16,0.09,0.64,99.01,0.01,0.99,0.00,4.16,15.25,18.55,17.65,16.93,15.49,8.54,2.80,0.63,48.05,51.95,URBAN
P.051,PULAU PINANG,P.051,BUKIT GELUGOR,117134,14.64,71.69,12.83,0.00,0.12,0.09,0.63,99.85,0.02,0.07,0.06,4.76,16.99,19.19,18.58,16.38,13.12,7.75,2.72,0.50,47.78,52.22,URBAN
P.052,PULAU PINANG,P.052,BAYAN BARU,119640,38.77,47.85,12.18,0.00,0.30,0.19,0.71,98.11,0.03,0.27,1.60,5.49,19.02,21.45,18.30,15.40,12.45,6.01,1.63,0.24,48.57,51.43,URBAN
P.053,PULAU PINANG,P.053,BALIK PULAU,80264,65.23,29.05,4.83,0.01,0.24,0.14,0.50,99.01,0.01,0.98,0.00,6.62,21.86,20.65,17.10,15.86,11.07,5.01,1.57,0.27,49.85,50.15,SEMI URBAN
P.054,PERAK,P.054,GERIK,47565,66.84,13.51,3.03,12.05,0.63,0.74,3.20,94.09,0.01,2.32,3.58,6.95,24.77,24.73,16.06,12.35,9.40,4.02,1.44,0.28,52.49,47.51,RURAL
P.055,PERAK,P.055,LENGGONG,36950,83.21,11.80,1.38,3.12,0.12,0.06,0.31,99.86,0.00,0.14,0.00,5.38,19.47,24.95,17.28,13.18,11.25,5.98,2.07,0.43,49.51,50.49,RURAL
P.056,PERAK,P.056,LARUT,65719,89.94,3.92,5.62,0.01,0.09,0.05,0.38,99.65,0.01,0.34,0.00,5.95,21.62,22.92,17.35,13.60,10.58,5.63,1.98,0.36,49.12,50.88,RURAL
P.057,PERAK,P.057,PARIT BUNTAR,68502,68.43,25.88,5.10,0.00,0.07,0.04,0.48,99.85,0.01,0.14,0.00,5.55,19.49,20.81,18.59,16.25,11.07,6.01,1.81,0.41,50.05,49.95,SEMI URBAN
P.058,PERAK,P.058,BAGAN SERAI,80293,78.25,12.36,9.01,0.01,0.06,0.05,0.26,99.59,0.00,0.41,0.00,6.29,21.26,21.85,17.71,15.13,10.12,5.48,1.76,0.40,49.71,50.29,SEMI URBAN
P.059,PERAK,P.059,BUKIT GANTANG,94253,71.25,19.14,9.04,0.01,0.10,0.08,0.38,99.91,0.01,0.08,0.00,5.71,21.22,23.35,17.11,13.98,11.41,5.32,1.58,0.32,49.41,50.59,SEMI URBAN
P.060,PERAK,P.060,TAIPING,121566,39.67,44.38,14.45,0.03,0.29,0.54,0.64,96.3,0.01,0.40,3.28,4.72,18.95,22.30,16.12,13.67,13.32,7.59,2.73,0.59,49.11,50.89,URBAN
P.061,PERAK,P.061,PADANG RENGAS,38686,77.87,14.82,6.75,0.00,0.08,0.06,0.43,99.89,0.01,0.11,0.00,5.11,19.18,22.12,16.95,14.80,12.26,6.35,2.68,0.56,49.52,50.48,SEMI URBAN
P.062,PERAK,P.062,SUNGAI SIPUT,72395,34.20,34.67,21.13,9.59,0.07,0.06,0.29,99.59,0.00,0.40,0.00,5.60,19.39,20.54,17.95,15.65,11.84,6.21,2.38,0.44,49.97,50.03,SEMI URBAN
P.063,PERAK,P.063,TAMBUN,160558,64.63,20.49,12.48,0.99,0.29,0.41,0.71,97.04,0.01,1.62,1.33,6.90,23.24,22.74,16.81,13.60,10.48,4.71,1.30,0.22,49.54,50.46,URBAN
P.064,PERAK,P.064,IPOH TIMOR,118178,23.08,68.41,7.49,0.03,0.15,0.13,0.71,97.81,0.03,1.66,0.50,3.74,14.16,17.92,17.21,15.80,15.35,10.29,4.44,1.08,49.12,50.88,URBAN
P.065,PERAK,P.065,IPOH BARAT,114654,13.15,59.11,26.96,0.04,0.08,0.10,0.56,99.24,0.01,0.26,0.49,4.29,16.62,18.35,17.00,16.23,14.42,8.76,3.43,0.89,48.99,51.01,URBAN
P.066,PERAK,P.066,BATU GAJAH,111896,12.65,69.09,17.59,0.10,0.08,0.06,0.43,99.47,0.01,0.50,0.02,5.00,17.84,17.76,18.39,16.78,13.32,7.60,2.84,0.48,50.54,49.46,URBAN
P.067,PERAK,P.067,KUALA KANGSAR,46985,70.35,21.02,6.57,1.17,0.10,0.07,0.73,99.28,0.01,0.71,0.00,5.35,19.67,21.86,17.32,14.17,12.01,6.28,2.71,0.62,49.36,50.64,SEMI URBAN
P.068,PERAK,P.068,BERUAS,108249,27.13,56.81,15.17,0.01,0.25,0.20,0.42,99.82,0.01,0.16,0.00,5.49,18.89,20.67,17.71,15.07,12.28,6.94,2.42,0.53,50.31,49.69,SEMI URBAN
P.069,PERAK,P.069,PARIT,47915,92.34,2.00,2.52,2.22,0.12,0.13,0.68,99.01,0.00,0.76,0.23,6.01,21.25,22.49,16.88,14.68,11.09,4.96,2.25,0.39,49.61,50.39,SEMI URBAN
P.070,PERAK,P.070,KAMPAR,89894,34.58,52.64,10.12,2.02,0.10,0.09,0.46,99.57,0.01,0.42,0.00,4.48,16.49,18.55,17.55,16.70,14.15,8.07,3.30,0.73,50.65,49.35,SEMI URBAN
P.071,PERAK,P.071,GOPENG,143657,42.69,44.76,9.63,2.11,0.16,0.11,0.52,99.16,0.02,0.23,0.59,6.26,22.09,21.00,16.92,14.70,11.24,5.56,1.91,0.33,49.31,50.69,URBAN
P.072,PERAK,P.072,TAPAH,61946,45.53,24.48,13.90,14.88,0.15,0.14,0.92,97.34,0.01,1.59,1.06,5.23,19.99,22.61,16.74,14.36,11.82,6.18,2.48,0.58,50.27,49.73,RURAL
P.073,PERAK,P.073,PASIR SALAK,74761,80.97,12.21,3.26,3.14,0.07,0.05,0.30,99.89,0.01,0.11,0.00,6.04,21.25,23.47,17.84,13.80,9.72,5.64,1.84,0.39,49.87,50.13,RURAL
P.074,PERAK,P.074,LUMUT,92972,72.20,14.13,11.36,0.03,1.07,0.63,0.59,90.39,0.01,0.56,9.03,6.61,23.94,25.10,17.04,12.43,9.62,3.97,1.02,0.25,52.54,47.46,SEMI URBAN
P.075,PERAK,P.075,BAGAN DATUK,58183,56.44,20.44,21.60,0.01,0.31,0.07,1.13,99.79,0.01,0.20,0.00,4.84,19.36,24.20,17.00,14.03,11.34,6.69,2.05,0.51,50.42,49.58,RURAL
P.076,PERAK,P.076,TELUK INTAN,87222,41.88,38.36,18.69,0.25,0.05,0.05,0.71,99.54,0.01,0.45,0.00,4.98,19.18,22.33,16.49,14.00,12.74,7.24,2.40,0.64,48.95,51.05,URBAN
P.077,PERAK,P.077,TANJONG MALIM,93873,54.96,23.65,13.00,7.19,0.13,0.10,0.96,99.48,0.00,0.45,0.06,5.49,19.39,23.62,18.00,12.77,11.30,6.91,2.02,0.50,50.16,49.84,SEMI URBAN
P.078,PAHANG,P.078,CAMERON HIGHLANDS,46020,30.97,27.15,12.19,28.71,0.28,0.11,0.59,99.22,0.01,0.54,0.23,7.17,22.76,22.45,16.80,13.32,9.95,5.19,1.86,0.50,50.56,49.44,SEMI URBAN
P.079,PAHANG,P.079,LIPIS,47124,78.23,14.76,4.99,1.14,0.11,0.08,0.69,98.08,0.00,0.63,1.29,6.02,22.01,23.76,15.61,13.88,10.86,5.24,2.17,0.45,50.88,49.12,RURAL
P.080,PAHANG,P.080,RAUB,75064,52.06,36.59,6.19,4.34,0.07,0.06,0.69,99.49,0.01,0.45,0.05,5.27,19.24,23.14,16.59,14.56,12.16,6.34,2.28,0.41,50.68,49.32,SEMI URBAN
P.081,PAHANG,P.081,JERANTUT,87051,82.20,11.77,2.45,2.66,0.09,0.07,0.75,99.59,0.01,0.37,0.04,6.36,20.94,25.09,18.81,12.45,8.79,5.86,1.48,0.21,50.19,49.81,RURAL
P.082,PAHANG,P.082,INDERA MAHKOTA,120549,67.34,25.48,5.58,0.09,0.40,0.26,0.86,98.33,0.01,0.99,0.67,8.48,25.95,23.24,16.07,12.70,9.16,3.37,0.88,0.15,50.02,49.98,URBAN
P.083,PAHANG,P.083,KUANTAN,87597,69.03,26.30,3.22,0.22,0.17,0.13,0.92,98.2,0.01,1.75,0.04,6.51,21.69,21.83,16.03,14.52,11.74,5.58,1.73,0.38,50.43,49.57,SEMI URBAN
P.084,PAHANG,P.084,PAYA BESAR,79744,83.96,11.06,1.92,1.56,0.10,0.12,1.28,99.86,0.01,0.09,0.04,7.26,22.90,24.67,16.88,12.72,9.73,4.50,1.18,0.17,49.7,50.3,RURAL
P.085,PAHANG,P.085,PEKAN,119443,84.96,1.79,0.70,9.39,0.35,0.53,2.28,94.07,0.01,0.36,5.55,7.04,23.93,27.02,17.47,11.48,8.51,3.43,0.92,0.21,50.77,49.23,SEMI URBAN
P.086,PAHANG,P.086,MARAN,53128,89.36,5.80,1.38,2.30,0.09,0.07,0.99,99.58,0.00,0.42,0.00,6.19,19.63,23.52,19.63,14.62,7.87,6.22,2.08,0.25,49.92,50.08,RURAL
P.087,PAHANG,P.087,KUALA KRAU,60537,88.70,2.52,2.07,5.96,0.10,0.06,0.59,99.93,0.00,0.07,0.00,6.02,19.29,26.39,20.50,11.12,9.09,6.22,1.19,0.18,49.45,50.55,RURAL
P.088,PAHANG,P.088,TEMERLOH,106829,66.28,21.05,8.12,1.38,0.35,0.54,2.29,97.61,0.01,0.48,1.90,6.72,23.82,24.21,16.12,13.11,9.96,4.31,1.46,0.29,50.18,49.82,SEMI URBAN
P.089,PAHANG,P.089,BENTONG,87058,49.25,37.99,9.09,2.65,0.16,0.17,0.68,98.6,0.01,0.35,1.03,5.38,19.05,22.37,17.47,15.19,11.66,6.40,2.16,0.32,50.98,49.02,SEMI URBAN
P.090,PAHANG,P.090,BERA,77669,62.04,27.82,3.66,5.18,0.27,0.32,0.71,95.1,0.01,0.36,4.53,5.73,20.41,25.92,18.25,12.71,9.59,5.77,1.44,0.18,51.26,48.74,RURAL
P.091,PAHANG,P.091,ROMPIN,89131,83.29,2.43,0.89,11.87,0.16,0.10,1.25,99.29,0.00,0.38,0.33,6.51,22.75,28.78,16.66,10.38,10.00,4.14,0.65,0.13,49.84,50.16,RURAL
P.092,SELANGOR,P.092,SABAK BERNAM,51609,81.32,13.05,4.88,0.01,0.10,0.09,0.56,99.89,0.00,0.10,0.01,6.01,20.67,23.57,16.59,14.64,10.40,5.89,1.82,0.42,49.18,50.82,RURAL
P.093,SELANGOR,P.093,SUNGAI BESAR,64382,67.33,29.33,2.10,0.01,0.21,0.09,0.93,99.49,0.00,0.50,0.00,5.95,22.25,24.14,16.94,14.62,9.42,4.92,1.48,0.28,50.51,49.49,SEMI URBAN
P.094,SELANGOR,P.094,HULU SELANGOR,154317,62.81,18.14,15.13,1.84,0.34,0.27,1.47,99.12,0.01,0.69,0.18,8.03,25.48,20.80,15.83,15.00,9.41,3.89,1.29,0.27,49.63,50.37,SEMI URBAN
P.095,SELANGOR,P.095,TANJONG KARANG,62194,73.15,17.20,8.23,0.01,0.10,0.05,1.26,99.95,0.01,0.04,0.00,6.17,21.19,23.26,17.68,14.65,10.13,5.03,1.51,0.37,50.17,49.83,RURAL
P.096,SELANGOR,P.096,KUALA SELANGOR,102951,66.81,12.06,19.55,0.01,0.20,0.12,1.24,99.61,0.01,0.38,0.00,7.99,24.61,21.83,16.74,14.34,9.06,4.03,1.11,0.28,49.46,50.54,SEMI URBAN
P.097,SELANGOR,P.097,SELAYANG,181539,51.59,26.30,17.90,0.26,0.42,0.28,3.24,99.64,0.01,0.34,0.02,8.34,25.33,21.15,16.40,14.39,9.52,3.67,1.02,0.19,49.57,50.43,URBAN
P.098,SELANGOR,P.098,GOMBAK,206744,69.94,10.86,10.86,0.50,0.26,0.19,7.39,99.75,0.04,0.11,0.10,6.65,21.78,23.00,17.50,13.89,11.04,4.93,1.06,0.16,49.62,50.38,URBAN
P.099,SELANGOR,P.099,AMPANG,133494,51.40,32.44,9.68,0.01,0.44,0.29,5.74,99.74,0.03,0.23,0.00,6.34,21.08,21.35,17.31,15.21,11.80,5.21,1.47,0.22,49.29,50.71,URBAN
P.100,SELANGOR,P.100,PANDAN,148730,40.22,46.97,7.95,0.02,0.76,0.34,3.75,99.59,0.02,0.39,0.00,5.58,20.17,22.61,18.39,16.04,11.71,4.31,1.06,0.12,49.3,50.7,URBAN
P.101,SELANGOR,P.101,HULU LANGAT,166902,63.45,20.97,10.72,0.90,0.49,0.35,3.12,98.14,0.02,1.84,0.00,8.92,25.99,21.37,16.22,13.67,9.23,3.45,0.98,0.16,50.03,49.97,URBAN
P.102,SELANGOR,P.102,BANGI,303430,48.43,36.96,11.19,0.01,0.61,0.40,2.39,99.55,0.03,0.31,0.11,8.61,25.83,21.60,16.64,13.73,9.18,3.47,0.83,0.11,49.45,50.55,URBAN
P.103,SELANGOR,P.103,PUCHONG,152861,37.26,49.40,10.95,0.18,0.71,0.35,1.15,99.72,0.02,0.24,0.02,7.70,23.02,19.58,19.40,15.21,9.61,4.23,1.12,0.13,50.06,49.94,URBAN
P.104,SELANGOR,P.104,SUBANG,230940,26.25,54.04,16.81,0.01,0.81,0.49,1.59,99.22,0.04,0.66,0.08,6.61,21.45,20.05,17.62,16.44,12.05,4.52,1.13,0.13,49.42,50.58,URBAN
P.105,SELANGOR,P.105,PETALING JAYA,195148,46.15,29.56,20.73,0.01,0.66,0.35,2.53,97.77,0.02,0.44,1.76,5.17,17.62,19.74,17.99,16.19,13.23,6.98,2.47,0.60,49.35,50.65,URBAN
P.106,SELANGOR,P.106,DAMANSARA,239103,20.66,66.14,9.98,0.25,0.49,0.27,2.23,99.77,0.02,0.20,0.00,5.55,17.90,18.47,18.50,15.97,13.04,7.64,2.52,0.40,48.67,51.33,URBAN
P.107,SELANGOR,P.107,SUNGAI BULOH,158090,62.62,20.70,10.44,0.07,0.78,0.48,4.90,98.46,0.03,0.34,1.17,9.64,26.95,21.21,16.95,13.87,7.84,2.75,0.65,0.12,50.1,49.9,URBAN
P.108,SELANGOR,P.108,SHAH ALAM,165744,73.36,12.67,11.92,0.09,0.55,0.33,1.08,98.9,0.04,1.03,0.03,8.12,23.57,22.03,17.73,13.54,10.33,3.86,0.71,0.12,49.91,50.09,URBAN
P.109,SELANGOR,P.109,KAPAR,189369,68.00,15.26,14.21,0.06,0.51,0.17,1.79,99.73,0.01,0.26,0.00,8.31,25.57,21.75,17.19,14.18,8.63,3.43,0.79,0.15,49.76,50.24,URBAN
P.110,SELANGOR,P.110,KLANG,208913,26.65,52.77,18.25,0.10,0.71,0.22,1.30,99.38,0.02,0.46,0.15,5.58,18.45,19.19,18.44,16.10,13.16,6.67,1.95,0.46,49.86,50.14,URBAN
P.111,SELANGOR,P.111,KOTA RAJA,244712,39.81,29.68,27.34,0.02,1.33,0.34,1.48,99.96,0.02,0.02,0.00,9.09,25.90,21.20,17.86,13.82,8.29,3.07,0.66,0.11,49.38,50.62,URBAN
P.112,SELANGOR,P.112,KUALA LANGAT,148637,54.86,23.76,17.28,2.02,0.42,0.17,1.47,99.26,0.01,0.25,0.48,7.79,23.55,22.61,17.84,13.53,9.29,3.95,1.18,0.25,49.75,50.25,SEMI URBAN
P.113,SELANGOR,P.113,SEPANG,168039,62.92,19.15,13.14,2.12,0.71,0.40,1.55,98.87,0.03,1.10,0.00,9.11,25.20,21.37,17.73,13.43,8.35,3.49,1.08,0.23,50.24,49.76,SEMI URBAN
P.114,WILAYAH PERSEKUTUAN KUALA LUMPUR,P.114,KEPONG,94285,5.62,85.51,7.08,0.01,0.87,0.14,0.77,99.69,0.01,0.30,0.00,4.14,14.88,16.20,18.22,19.37,15.55,8.54,2.73,0.37,50.24,49.76,URBAN
P.115,WILAYAH PERSEKUTUAN KUALA LUMPUR,P.115,BATU,113863,44.05,34.57,18.18,0.04,0.60,0.46,2.11,97.37,0.02,0.67,1.95,5.78,20.39,22.93,17.54,14.40,11.78,5.19,1.62,0.38,49.81,50.19,URBAN
P.116,WILAYAH PERSEKUTUAN KUALA LUMPUR,P.116,WANGSA MAJU,120323,57.71,28.51,9.11,0.05,0.61,0.63,3.38,97.65,0.03,0.28,2.04,5.14,19.42,24.06,17.75,14.67,12.48,4.96,1.31,0.21,49.37,50.63,URBAN
P.117,WILAYAH PERSEKUTUAN KUALA LUMPUR,P.117,SEGAMBUT,119652,26.77,56.76,11.81,0.03,0.33,0.28,4.04,99.74,0.05,0.21,0.00,5.35,18.37,20.70,17.56,15.05,13.46,6.83,2.16,0.51,48.72,51.28,URBAN
P.118,WILAYAH PERSEKUTUAN KUALA LUMPUR,P.118,SETIAWANGSA,95753,60.52,24.51,11.69,0.05,0.81,0.97,1.45,87.31,0.04,2.87,9.78,5.28,20.44,25.86,17.50,14.15,11.25,4.18,1.09,0.24,51.31,48.69,URBAN
P.119,WILAYAH PERSEKUTUAN KUALA LUMPUR,P.119,TITIWANGSA,80747,66.43,16.50,9.31,0.03,0.69,0.45,6.60,97.37,0.02,0.37,2.24,4.80,17.44,20.72,17.06,17.07,14.21,6.18,1.90,0.63,49.84,50.16,URBAN
P.120,WILAYAH PERSEKUTUAN KUALA LUMPUR,P.120,BUKIT BINTANG,79782,13.05,71.60,12.41,0.02,0.91,0.40,1.62,96.74,0.01,3.25,0.00,2.59,9.66,13.02,15.66,19.47,21.01,12.27,4.54,1.78,52.32,47.68,URBAN
P.121,WILAYAH PERSEKUTUAN KUALA LUMPUR,P.121,LEMBAH PANTAI,101828,59.09,19.14,17.18,0.04,1.00,0.63,2.92,90.38,0.02,9.55,0.05,4.01,15.82,22.46,18.94,16.57,13.35,6.36,2.04,0.46,52.14,47.86,URBAN
P.122,WILAYAH PERSEKUTUAN KUALA LUMPUR,P.122,SEPUTEH,124805,12.06,76.78,8.96,0.01,0.52,0.22,1.43,99.65,0.02,0.32,0.00,5.01,16.97,17.92,18.61,16.84,13.50,7.91,2.77,0.48,48.72,51.28,URBAN
P.123,WILAYAH PERSEKUTUAN KUALA LUMPUR,P.123,CHERAS,101184,13.44,77.09,7.77,0.01,0.56,0.23,0.90,98.86,0.01,1.13,0.00,3.79,13.75,16.21,17.88,18.45,17.08,9.07,3.14,0.64,49.74,50.26,URBAN
P.124,WILAYAH PERSEKUTUAN KUALA LUMPUR,P.124,BANDAR TUN RAZAK,119185,61.99,26.94,8.77,0.02,0.70,0.60,0.98,95.78,0.02,0.17,4.04,6.38,21.36,22.73,18.34,14.92,10.42,4.56,1.16,0.14,49.86,50.14,URBAN
P.125,WILAYAH PERSEKUTUAN PUTRAJAYA,P.125,PUTRAJAYA,42881,93.85,0.89,2.78,0.06,1.21,0.51,0.69,96.61,0.16,1.74,1.49,8.33,21.00,29.66,21.89,10.22,7.43,1.32,0.13,0.00,49.44,50.56,URBAN
P.126,NEGERI SEMBILAN,P.126,JELEBU,59561,65.12,23.33,5.49,5.22,0.15,0.09,0.60,98.75,0.01,1.24,0.00,4.74,16.93,23.81,19.27,13.04,12.48,7.15,2.18,0.39,50.51,49.49,RURAL
P.127,NEGERI SEMBILAN,P.127,JEMPOL,95813,63.63,22.01,12.74,0.89,0.10,0.08,0.55,99.59,0.00,0.41,0.00,5.02,19.37,27.28,16.27,11.28,13.38,5.81,1.37,0.22,49.01,50.99,SEMI URBAN
P.128,NEGERI SEMBILAN,P.128,SEREMBAN,157244,51.29,31.90,13.93,0.80,0.38,0.26,1.45,98.97,0.03,0.98,0.02,6.67,21.15,20.66,16.84,14.57,11.89,5.76,2.01,0.45,49.62,50.38,URBAN
P.129,NEGERI SEMBILAN,P.129,KUALA PILAH,63247,76.03,15.68,5.25,2.18,0.12,0.12,0.61,99.41,0.02,0.57,0.00,5.06,18.17,20.86,16.85,15.23,13.36,6.48,3.32,0.68,49.41,50.59,RURAL
P.130,NEGERI SEMBILAN,P.130,RASAH,155896,32.57,42.64,22.38,0.39,0.36,0.32,1.34,98.48,0.02,0.46,1.04,7.01,22.13,20.39,16.85,14.30,11.33,5.60,1.94,0.45,49.37,50.63,URBAN
P.131,NEGERI SEMBILAN,P.131,REMBAU,133555,73.49,8.86,15.94,0.41,0.25,0.21,0.84,98.32,0.02,0.38,1.28,7.51,24.12,21.87,16.09,13.92,10.49,4.21,1.46,0.32,49.15,50.85,SEMI URBAN
P.132,NEGERI SEMBILAN,P.132,PORT DICKSON,104450,43.60,31.87,21.41,0.30,0.83,0.94,1.05,92.92,0.01,0.50,6.57,6.60,21.37,22.39,17.13,14.09,10.95,5.35,1.75,0.38,51.12,48.88,SEMI URBAN
P.133,NEGERI SEMBILAN,P.133,TAMPIN,81099,61.93,23.66,12.28,0.17,0.48,0.85,0.63,93.56,0.00,0.48,5.95,5.00,20.63,25.47,17.55,12.43,11.30,5.44,1.89,0.29,50.56,49.44,SEMI URBAN
P.134,MELAKA,P.134,MASJID TANAH,69174,81.95,11.74,3.64,0.43,0.23,0.18,1.82,99.52,0.01,0.13,0.34,6.27,22.33,21.88,16.32,14.39,10.87,5.59,2.00,0.35,48.69,51.31,SEMI URBAN
P.135,MELAKA,P.135,ALOR GAJAH,93311,61.39,23.78,13.07,0.74,0.17,0.15,0.70,99.4,0.00,0.57,0.02,6.34,20.98,21.65,16.95,14.36,11.31,5.86,2.17,0.39,49.22,50.78,SEMI URBAN
P.136,MELAKA,P.136,TANGGA BATU,115998,69.28,22.29,3.65,0.06,1.45,1.57,1.70,91.69,0.01,0.04,8.25,7.27,24.87,24.14,17.08,12.40,8.79,4.05,1.22,0.19,51.28,48.72,URBAN
P.137,MELAKA,P.137,HANG TUAH JAYA,118493,61.73,30.62,6.04,0.01,0.31,0.20,1.09,98.97,0.01,0.79,0.23,6.40,21.78,22.62,16.83,13.93,11.26,5.34,1.59,0.24,49.02,50.98,URBAN
P.138,MELAKA,P.138,KOTA MELAKA,164140,38.98,54.17,4.46,0.01,0.24,0.18,1.96,99.57,0.02,0.41,0.00,5.43,18.77,19.92,17.14,15.12,13.27,7.29,2.54,0.52,48.65,51.35,URBAN
P.139,MELAKA,P.139,JASIN,96208,73.29,15.50,10.12,0.14,0.09,0.09,0.77,99.76,0.01,0.24,0.00,6.41,22.08,21.49,16.96,14.71,10.77,5.30,1.98,0.31,48.77,51.23,SEMI URBAN
P.140,JOHOR,P.140,SEGAMAT,69360,46.70,42.64,9.32,0.17,0.19,0.21,0.79,98.71,0.01,0.84,0.44,4.81,18.67,22.51,16.10,14.60,13.89,6.56,2.38,0.49,50.27,49.73,SEMI URBAN
P.141,JOHOR,P.141,SEKIJANG,63981,57.76,36.58,4.07,0.31,0.08,0.09,1.11,100,0.00,0.00,0.00,5.97,21.03,23.20,17.68,12.97,11.26,5.90,1.77,0.23,49.44,50.56,SEMI URBAN
P.142,JOHOR,P.142,LABIS,49846,37.55,43.75,15.36,2.31,0.14,0.06,0.84,99.91,0.01,0.08,0.00,4.79,17.92,20.68,17.88,15.97,12.57,7.01,2.63,0.55,50.26,49.74,SEMI URBAN
P.143,JOHOR,P.143,PAGOH,69939,66.08,29.25,3.42,0.57,0.09,0.06,0.53,99.85,0.00,0.15,0.00,5.75,20.76,22.15,16.53,14.53,11.80,5.30,2.68,0.51,49.79,50.21,RURAL
P.144,JOHOR,P.144,LEDANG,104577,55.29,38.55,4.89,0.44,0.10,0.06,0.66,99.65,0.01,0.34,0.00,6.17,21.13,21.20,16.64,14.86,11.30,5.87,2.42,0.40,49.38,50.62,SEMI URBAN
P.145,JOHOR,P.145,BAKRI,97335,45.39,51.62,2.12,0.01,0.15,0.13,0.58,99.05,0.01,0.94,0.00,5.31,19.44,20.77,17.38,15.11,12.48,6.54,2.50,0.46,49.4,50.6,URBAN
P.146,JOHOR,P.146,MUAR,68925,66.35,31.25,1.34,0.10,0.16,0.10,0.71,99.17,0.01,0.82,0.00,5.86,20.94,21.59,16.91,14.28,11.43,5.95,2.46,0.59,49.58,50.42,SEMI URBAN
P.147,JOHOR,P.147,PARIT SULONG,79484,80.21,18.07,0.47,0.33,0.06,0.07,0.80,99.94,0.01,0.05,0.00,5.87,20.39,19.96,16.21,15.98,12.14,6.24,2.67,0.54,49.1,50.9,RURAL
P.148,JOHOR,P.148,AYER HITAM,61041,57.61,37.09,4.14,0.04,0.08,0.06,0.97,99.91,0.01,0.08,0.00,6.30,21.13,20.91,17.12,15.47,11.09,5.48,2.14,0.34,49.89,50.11,SEMI URBAN
P.149,JOHOR,P.149,SRI GADING,78602,63.69,33.83,1.37,0.04,0.12,0.08,0.86,99.86,0.02,0.05,0.07,7.34,24.53,20.88,16.33,14.44,9.92,4.42,1.87,0.27,49.51,50.49,SEMI URBAN
P.150,JOHOR,P.150,BATU PAHAT,133910,52.03,44.72,1.43,0.55,0.11,0.09,1.05,99.14,0.02,0.33,0.50,5.64,20.34,21.58,16.94,14.98,11.40,6.34,2.34,0.45,49.46,50.54,URBAN
P.151,JOHOR,P.151,SIMPANG RENGGAM,59033,60.53,28.69,8.63,0.14,0.20,0.14,1.68,98.78,0.01,1.22,0.00,5.92,21.25,22.25,16.55,14.93,10.98,5.53,2.16,0.42,50,50,RURAL
P.152,JOHOR,P.152,KLUANG,132342,41.23,46.06,10.43,0.10,0.39,0.64,1.15,95.86,0.02,0.31,3.80,5.63,21.25,22.21,16.67,14.13,11.68,6.04,1.99,0.39,50.16,49.84,URBAN
P.153,JOHOR,P.153,SEMBRONG,54982,60.25,27.81,8.80,1.67,0.09,0.09,1.31,99.91,0.01,0.08,0.00,4.89,18.72,24.86,17.37,12.92,13.10,6.13,1.67,0.35,50.18,49.82,SEMI URBAN
P.154,JOHOR,P.154,MERSING,66275,81.18,13.74,1.18,2.11,0.54,0.50,0.74,97.46,0.01,0.45,2.09,5.47,20.77,27.59,16.28,11.36,11.95,5.00,1.25,0.33,50.45,49.55,RURAL
P.155,JOHOR,P.155,TENGGARA,67294,72.99,16.36,7.04,0.63,0.43,1.04,1.51,96.97,0.01,0.14,2.88,7.48,24.07,23.34,17.82,13.18,8.44,4.19,1.32,0.16,49.88,50.12,SEMI URBAN
P.156,JOHOR,P.156,KOTA TINGGI,61291,88.67,7.96,1.78,0.13,0.14,0.20,1.12,99.35,0.00,0.65,0.00,5.06,18.28,26.27,19.20,11.90,10.93,6.64,1.44,0.28,50.16,49.84,RURAL
P.157,JOHOR,P.157,PENGERANG,55316,89.38,8.06,0.75,0.40,0.34,0.35,0.73,98.66,0.00,0.31,1.03,5.47,18.05,25.25,22.16,10.93,8.85,7.60,1.33,0.36,50.37,49.63,RURAL
P.158,JOHOR,P.158,TEBRAU,223301,44.96,38.77,11.44,0.10,0.53,1.32,2.88,99.87,0.01,0.12,0.00,9.67,27.08,20.41,18.27,14.00,7.14,2.56,0.72,0.15,50.37,49.63,URBAN
P.159,JOHOR,P.159,PASIR GUDANG,198485,46.13,36.17,10.21,0.13,2.29,2.41,2.66,98.96,0.01,0.45,0.57,7.59,24.52,21.51,17.72,15.80,9.04,3.01,0.70,0.11,50.63,49.37,URBAN
P.160,JOHOR,P.160,JOHOR BAHRU,136368,51.42,39.23,5.90,0.03,0.43,0.53,2.46,98.52,0.02,1.46,0.00,4.21,15.70,19.77,17.47,16.32,14.77,8.36,2.71,0.68,50.07,49.93,URBAN
P.161,JOHOR,P.161,PULAI,165313,44.61,40.12,12.22,0.19,0.53,0.64,1.70,99.3,0.02,0.68,0.00,6.89,21.11,20.66,19.32,14.70,10.32,5.01,1.50,0.49,50.31,49.69,URBAN
P.162,JOHOR,P.162,ISKANDAR PUTERI,222437,36.27,47.22,14.10,0.21,0.37,0.86,0.97,99.58,0.01,0.41,0.00,7.48,23.76,21.23,18.09,15.08,9.58,3.72,0.89,0.17,50.07,49.93,URBAN
P.163,JOHOR,P.163,KULAI,151247,36.96,49.21,11.58,0.02,0.50,0.53,1.21,99.51,0.01,0.45,0.03,7.67,23.41,19.62,17.71,15.19,9.60,4.80,1.70,0.29,50.3,49.7,URBAN
P.164,JOHOR,P.164,PONTIAN,75212,68.25,28.03,1.06,0.61,0.10,0.11,1.84,99.89,0.01,0.11,0.00,5.65,20.19,22.07,16.49,14.78,11.24,6.52,2.49,0.57,49.68,50.32,RURAL
P.165,JOHOR,P.165,TANJUNG PIAI,70679,57.02,40.05,1.02,0.04,0.18,0.16,1.54,99.56,0.01,0.43,0.00,5.84,20.39,20.86,17.21,15.29,11.39,6.22,2.27,0.54,50.74,49.26,SEMI URBAN
P.166,WILAYAH PERSEKUTUAN LABUAN,P.166,LABUAN,44484,32.73,17.01,1.22,0.00,41.99,2.24,4.80,96.74,0.01,0.84,2.40,7.25,23.56,24.47,15.64,13.04,10.45,3.94,1.19,0.46,52.29,47.71,SEMI URBAN
P.167,SABAH,P.167,KUDAT,75724,4.17,7.06,0.12,0.01,71.72,0.32,16.59,99.32,0.00,0.68,0.00,7.96,23.27,23.49,16.62,11.81,8.42,4.19,2.37,1.86,50.54,49.46,RURAL
P.168,SABAH,P.168,KOTA MARUDU,80735,2.66,2.01,0.08,0.00,92.41,0.31,2.53,99.78,0.00,0.22,0.00,8.18,25.52,25.44,15.90,10.82,7.21,3.77,1.94,1.21,50.66,49.34,RURAL
P.169,SABAH,P.169,KOTA BELUD,79885,2.92,1.12,0.20,0.00,92.30,0.31,3.15,99.39,0.00,0.21,0.40,7.13,22.23,23.88,17.05,13.48,9.25,3.86,2.07,1.04,48.94,51.06,RURAL
P.170,SABAH,P.170,TUARAN,83419,4.76,4.24,0.23,0.01,87.17,0.48,3.11,99.77,0.00,0.23,0.00,7.75,22.31,23.93,16.88,13.83,9.08,3.59,1.65,0.98,49.79,50.21,SEMI URBAN
P.171,SABAH,P.171,SEPANGGAR,108370,12.97,17.07,0.54,0.01,61.13,0.73,7.55,97.98,0.01,0.01,2.01,8.83,27.26,25.28,15.57,11.23,7.80,2.54,0.93,0.57,51,49,URBAN
P.172,SABAH,P.172,KOTA KINABALU,74059,4.21,59.90,0.98,0.00,29.48,0.36,5.06,99.52,0.02,0.22,0.25,3.32,14.06,19.12,18.19,16.55,16.09,8.69,2.85,1.12,49.03,50.97,URBAN
P.173,SABAH,P.173,PUTATAN,63173,18.66,11.76,0.74,0.02,59.48,1.00,8.34,95.23,0.01,0.05,4.72,6.73,23.58,24.04,16.44,12.81,10.12,4.19,1.26,0.84,51.72,48.28,URBAN
P.174,SABAH,P.174,PENAMPANG,77214,4.72,26.71,0.68,0.00,64.06,0.97,2.86,96.61,0.01,3.35,0.03,6.88,22.07,23.85,18.88,13.27,9.21,3.97,1.33,0.55,50.85,49.15,URBAN
P.175,SABAH,P.175,PAPAR,59942,8.92,6.29,0.30,0.01,79.46,0.67,4.37,98.62,0.01,1.38,0.00,7.61,22.15,21.75,18.05,14.66,9.89,4.03,1.28,0.58,49.93,50.07,SEMI URBAN
P.176,SABAH,P.176,KIMANIS,40763,9.22,2.93,0.18,0.00,84.48,0.59,2.60,99.95,0.00,0.05,0.00,6.35,20.12,23.41,18.79,15.28,9.75,3.87,1.44,0.99,50.32,49.68,RURAL
P.177,SABAH,P.177,BEAUFORT,43248,7.21,5.44,0.32,0.01,84.19,0.72,2.11,99.51,0.00,0.48,0.00,5.51,18.63,21.27,18.77,17.18,11.79,4.61,1.66,0.58,50.33,49.67,RURAL
P.178,SABAH,P.178,SIPITANG,45871,8.07,3.38,0.17,0.00,84.50,1.90,1.97,99.68,0.00,0.32,0.00,6.73,22.33,23.31,17.09,14.49,10.21,3.62,1.53,0.69,50.81,49.19,RURAL
P.179,SABAH,P.179,RANAU,66517,2.20,1.32,0.08,0.01,94.30,0.43,1.65,99.72,0.00,0.28,0.00,7.66,24.26,25.08,16.71,12.01,8.20,3.35,1.67,1.06,50.28,49.72,RURAL
P.180,SABAH,P.180,KENINGAU,87588,5.36,7.08,0.16,0.01,84.31,0.73,2.35,99.69,0.00,0.31,0.00,7.87,26.50,24.82,15.81,12.44,8.00,2.83,1.13,0.60,50.39,49.61,RURAL
P.181,SABAH,P.181,TENOM,42045,6.09,8.50,0.08,0.00,82.37,0.55,2.40,99.66,0.00,0.33,0.00,7.64,22.33,23.74,16.85,13.88,9.22,3.36,1.68,1.31,49.95,50.05,RURAL
P.182,SABAH,P.182,PENSIANGAN,55672,1.51,0.94,0.05,0.01,95.68,0.35,1.46,99.98,0.00,0.02,0.00,9.59,28.21,24.88,14.54,10.78,6.36,2.45,1.67,1.52,50.11,49.89,RURAL
P.183,SABAH,P.183,BELURAN,44727,5.47,0.86,0.11,0.00,87.38,1.64,4.53,99.6,0.00,0.40,0.00,8.21,26.22,24.04,15.97,12.02,7.60,3.50,1.62,0.82,50.99,49.01,RURAL
P.184,SABAH,P.184,LIBARAN,72332,28.03,15.12,0.31,0.00,46.51,1.05,8.97,97.32,0.00,1.89,0.78,8.16,26.58,23.78,16.72,11.61,8.12,3.24,1.17,0.62,51.43,48.57,SEMI URBAN
P.185,SABAH,P.185,BATU SAPI,43916,14.83,26.98,0.31,0.02,50.47,0.87,6.51,98.24,0.00,0.65,1.11,7.00,24.05,22.23,15.32,13.32,10.09,4.57,2.03,1.40,51.63,48.37,URBAN
P.186,SABAH,P.186,SANDAKAN,55542,14.39,42.37,0.64,0.01,35.66,0.79,6.13,99.32,0.01,0.67,0.00,6.58,22.33,20.55,15.72,13.41,12.12,5.60,2.43,1.25,50.33,49.67,URBAN
P.187,SABAH,P.187,KINABATANGAN,44773,14.61,0.68,0.14,0.00,78.92,1.38,4.27,99.52,0.00,0.48,0.00,8.38,26.04,23.62,15.95,12.16,8.10,3.16,1.47,1.12,51.73,48.27,RURAL
P.188,SABAH,P.188,LAHAD DATU,100256,26.42,9.14,0.42,0.01,56.03,1.18,6.80,98.23,0.00,1.36,0.41,8.81,27.73,24.81,14.75,11.32,8.08,2.77,1.00,0.74,51.91,48.09,SEMI URBAN
P.189,SABAH,P.189,SEMPORNA,72169,6.60,1.52,0.14,0.01,87.61,0.33,3.79,98.7,0.00,0.94,0.36,9.10,26.01,22.58,16.69,12.24,7.90,2.59,1.58,1.32,49.77,50.23,RURAL
P.190,SABAH,P.190,TAWAU,87477,33.96,29.52,0.38,0.00,28.55,1.20,6.38,98.65,0.01,0.81,0.53,7.01,23.09,21.67,16.42,13.64,11.10,4.60,1.61,0.86,51.34,48.66,URBAN
P.191,SABAH,P.191,KALABAKAN,83970,49.17,8.37,0.36,0.01,32.93,2.21,6.93,96.73,0.01,0.60,2.67,7.69,27.03,26.27,15.51,10.58,8.53,2.81,0.99,0.60,51.87,48.13,URBAN
P.192,SARAWAK,P.192,MAS GADING,47171,5.14,17.08,0.18,0.01,0.42,76.84,0.32,98.62,0.00,0.32,1.06,6.47,21.45,19.52,16.99,16.74,11.32,5.39,1.70,0.41,51.27,48.73,RURAL
P.193,SARAWAK,P.193,SANTUBONG,79540,78.03,7.92,0.09,0.00,0.26,13.36,0.34,99.79,0.00,0.15,0.06,8.21,25.10,21.72,16.93,13.77,8.85,4.02,1.13,0.26,49.54,50.46,SEMI URBAN
P.194,SARAWAK,P.194,PETRA JAYA,109809,69.37,13.41,0.59,0.00,0.33,15.91,0.38,99.15,0.02,0.84,0.00,7.47,23.86,22.65,16.97,13.88,9.29,4.27,1.30,0.31,49.04,50.96,URBAN
P.195,SARAWAK,P.195,BANDAR KUCHING,109710,4.53,85.26,0.70,0.00,0.24,8.73,0.55,98.94,0.01,1.01,0.03,3.51,12.60,16.00,17.06,18.08,18.04,10.19,3.61,0.93,48.63,51.37,URBAN
P.196,SARAWAK,P.196,STAMPIN,121009,14.56,61.57,0.68,0.00,0.30,22.56,0.32,97.09,0.02,0.95,1.94,6.77,22.21,23.09,19.21,13.30,9.27,4.55,1.32,0.28,50.56,49.44,URBAN
P.197,SARAWAK,P.197,KOTA SAMARAHAN,82229,55.76,13.26,0.24,0.01,0.57,29.87,0.29,93.81,0.00,0.27,5.91,8.39,25.19,23.72,17.60,12.31,7.79,3.62,1.16,0.21,50.63,49.37,SEMI URBAN
P.198,SARAWAK,P.198,PUNCAK BORNEO,79969,4.80,24.91,0.18,0.01,0.33,69.49,0.28,98.98,0.00,1.02,0.00,6.54,20.63,21.19,17.56,15.87,11.13,5.09,1.56,0.43,50.76,49.24,RURAL
P.199,SARAWAK,P.199,SERIAN,65273,7.60,10.21,0.17,0.00,0.23,81.54,0.25,99.76,0.00,0.24,0.00,6.35,19.87,20.48,17.37,16.78,11.81,5.40,1.53,0.41,50.78,49.22,RURAL
P.200,SARAWAK,P.200,BATANG SADONG,32640,69.99,5.19,0.05,0.00,0.20,24.35,0.22,99.68,0.00,0.32,0.00,6.67,19.73,20.49,16.47,16.68,11.80,6.01,1.62,0.53,49.37,50.63,RURAL
P.201,SARAWAK,P.201,BATANG LUPAR,43072,70.74,2.70,0.02,0.00,0.15,26.03,0.36,99.95,0.01,0.04,0.00,6.38,20.46,21.76,16.54,16.58,10.83,5.40,1.56,0.50,50.05,49.95,RURAL
P.202,SARAWAK,P.202,SRI AMAN,50164,10.31,16.81,0.06,0.02,0.32,72.17,0.32,98.24,0.00,0.74,1.02,6.29,20.53,19.05,16.28,16.05,12.49,6.78,2.03,0.50,50.28,49.72,RURAL
P.203,SARAWAK,P.203,LUBOK ANTU,28995,1.73,7.95,0.05,0.00,0.24,89.65,0.38,99.68,0.00,0.31,0.00,5.81,17.61,19.36,17.18,17.79,12.48,6.73,2.18,0.86,50.48,49.52,RURAL
P.204,SARAWAK,P.204,BETONG,41743,43.65,6.37,0.03,0.01,0.14,49.49,0.31,99.69,0.00,0.31,0.00,6.22,20.54,21.52,16.00,16.20,11.44,5.81,1.84,0.43,50.16,49.84,RURAL
P.205,SARAWAK,P.205,SARATOK,44531,36.90,6.64,0.03,0.00,0.19,56.05,0.19,99.73,0.00,0.27,0.00,6.64,20.71,20.84,15.92,16.55,11.94,5.56,1.43,0.41,49.91,50.09,RURAL
P.206,SARAWAK,P.206,TANJONG MANIS,32948,23.26,6.06,0.05,0.01,0.43,69.82,0.38,99.98,0.00,0.02,0.00,6.88,22.45,21.37,17.29,15.54,10.19,4.55,1.24,0.48,49.94,50.06,RURAL
P.207,SARAWAK,P.207,IGAN,28290,5.96,3.83,0.02,0.00,0.47,89.43,0.28,99.73,0.00,0.27,0.00,6.68,23.00,21.79,15.98,15.39,10.46,5.08,1.30,0.31,49.41,50.59,RURAL
P.208,SARAWAK,P.208,SARIKEI,55018,4.56,60.65,0.03,0.01,0.20,34.32,0.22,99.4,0.00,0.60,0.00,5.54,19.36,20.29,17.55,16.06,12.20,6.15,2.17,0.67,50.27,49.73,RURAL
P.209,SARAWAK,P.209,JULAU,34850,0.48,4.98,0.02,0.01,0.17,93.77,0.56,99.81,0.00,0.19,0.00,6.30,20.47,19.97,17.90,16.75,10.36,5.25,1.98,1.02,51.03,48.97,RURAL
P.210,SARAWAK,P.210,KANOWIT,30988,1.74,11.53,0.02,0.00,0.20,86.19,0.32,99.73,0.00,0.27,0.00,6.28,19.45,20.88,16.43,16.27,11.83,5.78,2.11,0.98,49.94,50.06,RURAL
P.211,SARAWAK,P.211,LANANG,87356,4.23,64.96,0.05,0.01,0.45,30.07,0.23,98.02,0.00,0.82,1.16,5.99,21.08,19.80,17.21,15.10,12.11,6.09,1.99,0.63,49.33,50.67,URBAN
P.212,SARAWAK,P.212,SIBU,105875,10.40,62.03,0.12,0.02,0.46,26.75,0.22,97.82,0.01,0.51,1.66,6.25,21.32,21.87,17.81,14.84,10.69,5.01,1.69,0.53,49.75,50.25,URBAN
P.213,SARAWAK,P.213,MUKAH,46964,3.29,9.89,0.05,0.00,0.46,86.07,0.23,99.57,0.00,0.43,0.00,6.66,21.83,20.73,16.92,15.67,10.75,5.61,1.49,0.34,50.63,49.37,RURAL
P.214,SARAWAK,P.214,SELANGAU,45743,1.01,3.78,0.02,0.00,0.27,94.50,0.43,99.81,0.00,0.19,0.00,7.52,21.74,20.72,17.60,15.34,9.75,4.70,1.77,0.85,50.61,49.39,RURAL
P.215,SARAWAK,P.215,KAPIT,45210,2.37,8.71,0.04,0.00,0.23,88.09,0.56,99.59,0.00,0.40,0.00,6.79,20.91,21.61,16.70,15.65,10.00,5.33,2.07,0.94,49.54,50.46,RURAL
P.216,SARAWAK,P.216,HULU RAJANG,43438,0.98,1.81,0.03,0.02,0.42,95.97,0.77,99.82,0.00,0.18,0.00,7.55,22.72,21.21,16.32,14.47,9.31,4.74,2.29,1.39,51.02,48.98,RURAL
P.217,SARAWAK,P.217,BINTULU,113599,9.81,25.24,0.10,0.00,0.64,63.79,0.42,99.25,0.00,0.34,0.41,7.76,24.60,21.60,16.18,14.94,9.79,3.73,1.01,0.39,50.84,49.16,URBAN
P.218,SARAWAK,P.218,SIBUTI,58522,18.39,22.84,0.17,0.00,0.72,57.00,0.88,98.67,0.01,0.09,1.24,6.91,23.94,23.43,16.32,13.25,10.25,4.47,1.10,0.32,51.52,48.48,RURAL
P.219,SARAWAK,P.219,MIRI,143229,16.78,46.38,0.32,0.00,0.79,35.13,0.60,99.27,0.01,0.73,0.00,6.74,22.56,21.75,16.65,14.37,11.17,4.82,1.46,0.47,49.87,50.13,URBAN
P.220,SARAWAK,P.220,BARAM,59535,4.52,7.44,0.04,0.04,0.34,86.59,1.04,99.87,0.00,0.13,0.00,6.34,19.13,19.55,16.69,16.36,12.01,5.43,2.68,1.80,51.69,48.31,RURAL
P.221,SARAWAK,P.221,LIMBANG,41999,25.82,17.48,0.10,0.00,6.21,49.39,1.01,99.14,0.00,0.86,0.00,6.77,20.66,21.90,17.10,14.78,11.84,4.78,1.61,0.55,51.06,48.94,RURAL
P.222,SARAWAK,P.222,LAWAS,33655,35.90,9.42,0.12,0.01,3.10,50.58,0.86,99.7,0.00,0.30,0.00,7.08,22.25,21.69,16.95,14.65,10.88,4.34,1.57,0.60,51.77,48.23,RURAL
